{
  "dataset": {
    "filas": 442,
    "columnas": 11,
    "column_names": [
      "AGE",
      "SEX",
      "BMI",
      "BP",
      "S1",
      "S2",
      "S3",
      "S4",
      "S5",
      "S6",
      "Y"
    ]
  },
  "tipos_de_datos": {
    "AGE": "int64",
    "SEX": "int64",
    "BMI": "float64",
    "BP": "float64",
    "S1": "int64",
    "S2": "float64",
    "S3": "float64",
    "S4": "float64",
    "S5": "float64",
    "S6": "int64",
    "Y": "int64"
  },
  "estadisticas_descriptivas": {
    "AGE": {
      "min": 19.0,
      "max": 79.0,
      "media": 48.51809954751131,
      "mediana": 50.0,
      "std": 13.109027822041092,
      "q1": 38.25,
      "q3": 59.0
    },
    "SEX": {
      "min": 1.0,
      "max": 2.0,
      "media": 1.4683257918552035,
      "mediana": 1.0,
      "std": 0.4995611704353544,
      "q1": 1.0,
      "q3": 2.0
    },
    "BMI": {
      "min": 18.0,
      "max": 42.2,
      "media": 26.37579185520362,
      "mediana": 25.7,
      "std": 4.4181215606157735,
      "q1": 23.2,
      "q3": 29.275
    },
    "BP": {
      "min": 62.0,
      "max": 133.0,
      "media": 94.64701357466062,
      "mediana": 93.0,
      "std": 13.831283419782999,
      "q1": 84.0,
      "q3": 105.0
    },
    "S1": {
      "min": 97.0,
      "max": 301.0,
      "media": 189.14027149321268,
      "mediana": 186.0,
      "std": 34.60805167504306,
      "q1": 164.25,
      "q3": 209.75
    },
    "S2": {
      "min": 41.6,
      "max": 242.4,
      "media": 115.43914027149322,
      "mediana": 113.0,
      "std": 30.413080969276546,
      "q1": 96.05,
      "q3": 134.5
    },
    "S3": {
      "min": 22.0,
      "max": 99.0,
      "media": 49.78846153846154,
      "mediana": 48.0,
      "std": 12.934202154863327,
      "q1": 40.25,
      "q3": 57.75
    },
    "S4": {
      "min": 2.0,
      "max": 9.09,
      "media": 4.070248868778281,
      "mediana": 4.0,
      "std": 1.2904498966082774,
      "q1": 3.0,
      "q3": 5.0
    },
    "S5": {
      "min": 3.2581,
      "max": 6.107,
      "media": 4.641410859728507,
      "mediana": 4.62005,
      "std": 0.5223905610694907,
      "q1": 4.2767,
      "q3": 4.9972
    },
    "S6": {
      "min": 58.0,
      "max": 124.0,
      "media": 91.26018099547511,
      "mediana": 91.0,
      "std": 11.496334739334172,
      "q1": 83.25,
      "q3": 98.0
    },
    "Y": {
      "min": 25.0,
      "max": 346.0,
      "media": 152.13348416289594,
      "mediana": 140.5,
      "std": 77.09300453299109,
      "q1": 87.0,
      "q3": 211.5
    }
  },
  "distribuciones_categoricas": {},
  "skewness": {
    "AGE": -0.23138153297088446,
    "SEX": 0.12738452746618908,
    "BMI": 0.598148487911046,
    "BP": 0.29065836678515716,
    "S1": 0.37810820692251856,
    "S2": 0.436591803691158,
    "S3": 0.799255118344064,
    "S4": 0.7353736478924998,
    "S5": 0.2917537292779153,
    "S6": 0.2079166161507082,
    "Y": 0.44056293407014124
  },
  "kurtosis": {
    "AGE": -0.6712236886196004,
    "SEX": -1.9928110404511443,
    "BMI": 0.0950944742751707,
    "BP": -0.5327972700945414,
    "S1": 0.23294790466949733,
    "S2": 0.601381150385071,
    "S3": 0.9815074614056987,
    "S4": 0.4444016718457502,
    "S5": -0.13436682426216207,
    "S6": 0.2369167378580168,
    "Y": -0.8830573344098585
  },
  "correlacion_con_Y": {
    "AGE": 0.187889,
    "SEX": 0.043062,
    "BMI": 0.58645,
    "BP": 0.441482,
    "S1": 0.212022,
    "S2": 0.174054,
    "S3": -0.394789,
    "S4": 0.430453,
    "S5": 0.565883,
    "S6": 0.382483
  }
}